Delivery_Person_Age,Delivery_Person_Rating,Weather,Traffic_Level,Vehicle_Type,Area_Type,Order_Type,Festival,Multiple_Deliveries,Distance_km,Delivery_Time_min
30.0,4.3,Cloudy,High,Motorcycle,,Lunch,No,1.0,0.6,59.0
35.0,3.6,Sunny,Medium,Bicycle,,Snack,Yes,2.0,7.5,75.0
31.0,3.9,Cloudy,Medium,Scooter,Suburban,Lunch,No,2.0,3.7,70.0
19.0,4.8,Rainy,,Scooter,Suburban,Dinner,No,3.0,5.7,68.0
34.0,3.7,Sunny,Low,Motorcycle,Suburban,Dinner,No,1.0,9.0,58.0
26.0,4.9,Sunny,High,Scooter,Suburban,Dinner,No,1.0,1.5,37.0
39.0,4.0,Stormy,Jam,Scooter,Suburban,Lunch,No,3.0,2.3,104.0
16.0,,Rainy,Medium,Car,Urban,Breakfast,No,2.0,11.7,98.0
36.0,4.9,Sunny,Medium,Motorcycle,Suburban,Dinner,No,1.0,4.1,48.0
31.0,4.6,Sunny,Medium,Scooter,Urban,Dinner,Yes,1.0,3.1,42.0
27.0,4.3,Rainy,High,Motorcycle,Urban,Lunch,No,1.0,2.6,67.0
34.0,4.0,Rainy,High,Motorcycle,Urban,Dinner,Yes,1.0,3.4,97.0
30.0,3.9,Rainy,Low,Scooter,Urban,Dinner,,0.0,4.7,45.0
32.0,4.4,Rainy,Medium,Bike,Urban,Dinner,,0.0,2.3,75.0
33.0,4.5,Stormy,Medium,Scooter,Urban,Snack,,1.0,3.1,62.0
34.0,3.0,,High,Bicycle,Suburban,Dinner,Yes,0.0,4.4,80.0
41.0,4.3,Sunny,High,Bike,Urban,,No,0.0,11.0,83.0
30.0,4.3,Sunny,Low,Scooter,Urban,Dinner,Yes,0.0,1.7,43.0
47.0,4.4,Sunny,Medium,Car,Suburban,Snack,No,2.0,1.6,52.0
23.0,4.1,Rainy,Medium,Bicycle,Urban,Lunch,No,0.0,12.6,74.0
32.0,4.4,Stormy,Medium,Motorcycle,Urban,Dinner,No,1.0,5.1,75.0
27.0,4.5,Sunny,High,Scooter,Suburban,Dinner,No,1.0,5.0,59.0
,4.1,Cloudy,Low,Motorcycle,Rural,Breakfast,No,2.0,5.4,61.0
33.0,4.4,Sunny,Medium,Bicycle,Urban,Dinner,No,3.0,2.6,47.0
31.0,4.3,Cloudy,High,Motorcycle,Urban,Dinner,No,2.0,5.8,72.0
36.0,3.8,Stormy,Medium,Car,Suburban,Dinner,Yes,0.0,12.6,113.0
28.0,3.8,Stormy,High,Car,Suburban,Lunch,No,2.0,5.7,95.0
24.0,4.3,Cloudy,High,Motorcycle,,Lunch,Yes,2.0,8.9,105.0
41.0,4.2,Cloudy,Jam,Bicycle,Suburban,Snack,No,2.0,6.1,81.0
15.0,3.8,Rainy,,Bicycle,Suburban,Dinner,No,2.0,4.5,67.0
30.0,4.0,Cloudy,Medium,,Urban,Dinner,Yes,3.0,3.4,71.0
25.0,4.1,Cloudy,Low,Motorcycle,Urban,Dinner,No,0.0,,38.0
14.0,4.5,Rainy,Medium,Bicycle,Rural,Snack,,1.0,3.2,64.0
28.0,4.1,Sunny,Medium,Scooter,Urban,Breakfast,No,2.0,6.2,63.0
34.0,3.9,Rainy,High,Bike,Urban,Dinner,No,3.0,4.0,82.0
41.0,4.5,Cloudy,Medium,,Suburban,Lunch,Yes,1.0,6.5,74.0
36.0,3.7,Rainy,Medium,Motorcycle,Suburban,Snack,No,1.0,6.6,83.0
24.0,4.3,Windy,Jam,Motorcycle,,Dinner,No,1.0,4.1,73.0
32.0,3.7,,Medium,Motorcycle,,Dinner,No,0.0,7.0,81.0
33.0,4.3,Cloudy,Low,Motorcycle,Suburban,Breakfast,No,1.0,4.4,31.0
33.0,4.1,,High,Motorcycle,Rural,Snack,No,1.0,3.4,63.0
30.0,3.7,Cloudy,High,Motorcycle,Urban,Dinner,No,1.0,7.5,89.0
26.0,4.6,Stormy,Low,Car,Urban,Breakfast,Yes,0.0,11.0,78.0
34.0,3.5,Cloudy,Jam,Motorcycle,Suburban,Lunch,No,2.0,3.4,73.0
28.0,4.4,Rainy,High,Scooter,Suburban,Snack,Yes,0.0,5.2,102.0
32.0,4.8,Rainy,Medium,Bicycle,Suburban,Lunch,No,0.0,6.6,73.0
25.0,4.3,Rainy,,Motorcycle,Urban,Breakfast,No,1.0,6.0,67.0
22.0,4.0,Stormy,Medium,Scooter,Urban,Dinner,No,1.0,3.1,69.0
31.0,3.7,Sunny,High,Car,Suburban,Lunch,No,2.0,11.1,92.0
40.0,4.1,Windy,,Bicycle,Rural,Lunch,No,1.0,2.7,77.0
32.0,3.6,Windy,Jam,Bike,Urban,Snack,No,3.0,,86.0
39.0,4.1,Sunny,Medium,Bicycle,Suburban,Dinner,No,2.0,0.6,57.0
28.0,3.2,Cloudy,,Scooter,Urban,Dinner,No,2.0,6.9,76.0
37.0,4.8,Sunny,Medium,Scooter,,Snack,No,3.0,7.4,64.0
27.0,4.7,Rainy,High,Motorcycle,,Lunch,Yes,2.0,6.8,83.0
32.0,4.4,Sunny,Low,Motorcycle,Suburban,Snack,No,3.0,1.7,30.0
23.0,3.8,,Low,Motorcycle,Urban,Dinner,No,3.0,3.8,58.0
23.0,4.0,Sunny,Medium,Scooter,,Lunch,Yes,0.0,9.4,59.0
33.0,4.1,Sunny,,Motorcycle,Urban,Lunch,No,1.0,6.7,63.0
24.0,3.7,Sunny,High,Motorcycle,Urban,Lunch,No,1.0,2.9,59.0
27.0,4.3,Windy,High,Motorcycle,Urban,Lunch,No,2.0,,61.0
41.0,4.3,Windy,Low,Motorcycle,Suburban,Lunch,No,3.0,13.2,90.0
33.0,3.9,Sunny,Medium,Scooter,,Lunch,No,2.0,2.0,33.0
36.0,4.1,Rainy,Medium,,Urban,,No,2.0,6.2,74.0
30.0,4.6,Rainy,High,Scooter,Rural,,No,1.0,8.0,89.0
37.0,3.9,Sunny,Medium,Bike,Rural,Lunch,Yes,1.0,2.0,40.0
31.0,4.1,Sunny,High,Bicycle,Urban,Dinner,No,1.0,5.5,50.0
27.0,4.5,Rainy,Medium,Scooter,Urban,Dinner,,3.0,5.0,75.0
31.0,3.9,Rainy,High,Scooter,Suburban,Dinner,Yes,2.0,6.5,79.0
36.0,3.9,Windy,High,Bike,Suburban,Dinner,No,1.0,6.7,57.0
25.0,4.3,Cloudy,Medium,Car,Urban,Lunch,No,2.0,10.1,73.0
24.0,4.6,Sunny,Medium,Scooter,Suburban,Breakfast,No,2.0,12.8,89.0
26.0,3.9,Sunny,High,Motorcycle,Suburban,Dinner,No,2.0,1.9,62.0
33.0,4.0,,Low,Car,Urban,Lunch,,1.0,1.3,42.0
26.0,4.7,Sunny,Medium,Motorcycle,Urban,Dinner,No,0.0,8.1,61.0
25.0,4.6,Windy,Medium,Motorcycle,Urban,Dinner,Yes,3.0,3.2,82.0
28.0,3.8,Cloudy,High,Scooter,,Snack,Yes,2.0,10.0,118.0
24.0,4.0,Sunny,Low,Motorcycle,Suburban,Lunch,No,2.0,7.5,64.0
36.0,4.2,Sunny,Low,Bicycle,,Lunch,No,2.0,2.3,55.0
26.0,3.7,Cloudy,,Motorcycle,Suburban,Snack,No,0.0,1.6,61.0
29.0,3.6,Windy,Medium,Motorcycle,Urban,Snack,No,3.0,7.8,99.0
24.0,4.4,Sunny,High,Motorcycle,Suburban,Snack,Yes,3.0,3.8,74.0
30.0,3.8,Sunny,High,Motorcycle,Urban,Dinner,No,3.0,12.1,86.0
29.0,4.4,,High,Motorcycle,Rural,Snack,No,1.0,7.6,66.0
35.0,4.0,Cloudy,High,Scooter,Urban,Lunch,No,5.0,5.2,85.0
44.0,3.8,Rainy,High,Motorcycle,Urban,Lunch,Yes,,3.1,80.0
33.0,4.7,Rainy,Medium,Scooter,Urban,Breakfast,Yes,1.0,4.0,79.0
27.0,3.6,Stormy,Low,Motorcycle,Urban,Breakfast,Yes,0.0,10.5,107.0
31.0,5.0,Rainy,Medium,Motorcycle,Suburban,Dinner,No,3.0,15.5,99.0
31.0,3.8,Cloudy,Low,Motorcycle,,Lunch,No,1.0,2.6,39.0
29.0,3.9,,Low,Motorcycle,Suburban,Dinner,No,2.0,5.1,63.0
33.0,4.0,Cloudy,Low,Motorcycle,Urban,Dinner,No,2.0,7.5,54.0
31.0,4.0,Windy,High,Motorcycle,Urban,Dinner,No,0.0,5.6,69.0
26.0,3.9,Sunny,High,Motorcycle,Rural,Breakfast,Yes,1.0,3.2,70.0
33.0,3.8,Rainy,High,Motorcycle,Rural,Lunch,,1.0,12.6,94.0
34.0,4.0,,Medium,Motorcycle,Suburban,Dinner,No,0.0,1.4,49.0
32.0,4.2,Sunny,Medium,Car,Suburban,Lunch,Yes,1.0,4.3,63.0
38.0,4.5,Rainy,Medium,Motorcycle,Suburban,Dinner,No,2.0,7.5,76.0
24.0,4.6,Sunny,,Bicycle,Rural,Lunch,No,2.0,2.7,56.0
30.0,3.7,Cloudy,Medium,Car,,Lunch,No,1.0,3.5,48.0
19.0,4.4,Stormy,Medium,Scooter,Urban,Dinner,No,0.0,3.7,77.0
36.0,4.2,Rainy,Medium,Motorcycle,Suburban,Lunch,No,0.0,10.6,102.0
19.0,4.1,Rainy,High,Motorcycle,Rural,Dinner,No,2.0,2.0,80.0
24.0,4.4,Windy,High,Motorcycle,Urban,Breakfast,No,1.0,7.4,88.0
25.0,4.1,Stormy,Jam,Motorcycle,Urban,Snack,No,3.0,8.9,120.0
36.0,4.6,Stormy,High,Scooter,Urban,Dinner,No,0.0,6.6,91.0
22.0,3.8,Sunny,High,Scooter,Urban,Lunch,No,1.0,3.1,68.0
34.0,3.9,Sunny,Medium,Motorcycle,Rural,Lunch,No,,4.6,59.0
35.0,4.4,Sunny,High,Motorcycle,Urban,Snack,No,1.0,3.0,66.0
23.0,3.6,Rainy,High,Motorcycle,Urban,Lunch,No,0.0,13.3,101.0
22.0,4.7,Sunny,High,Motorcycle,Rural,Dinner,No,1.0,3.7,68.0
30.0,4.1,Cloudy,Jam,Motorcycle,Suburban,Dinner,No,3.0,6.8,83.0
25.0,4.2,Sunny,,Motorcycle,Rural,Lunch,No,0.0,,64.0
28.0,4.4,,Low,Motorcycle,Urban,Lunch,No,1.0,0.8,50.0
27.0,4.2,Cloudy,High,Motorcycle,Urban,Snack,No,1.0,4.8,56.0
27.0,4.7,Cloudy,Low,Scooter,Rural,Breakfast,No,0.0,8.8,72.0
36.0,3.3,Windy,High,Car,Suburban,Dinner,No,0.0,2.8,68.0
28.0,4.4,Sunny,High,Motorcycle,Urban,Lunch,No,1.0,5.8,76.0
31.0,4.5,Windy,High,Bicycle,Rural,Dinner,No,1.0,14.3,94.0
28.0,3.6,Rainy,Low,Motorcycle,Rural,Lunch,No,1.0,9.0,70.0
39.0,4.0,Windy,Medium,Scooter,,Lunch,No,0.0,2.1,36.0
26.0,4.5,Sunny,Jam,,Rural,Breakfast,No,2.0,3.2,80.0
34.0,3.1,Windy,Medium,Motorcycle,Urban,Breakfast,,1.0,2.6,50.0
30.0,4.4,Rainy,Medium,Bicycle,Urban,Dinner,No,1.0,3.6,64.0
27.0,4.1,Sunny,,Motorcycle,Rural,Lunch,No,1.0,5.5,61.0
29.0,4.9,Stormy,Low,Motorcycle,Urban,Lunch,No,0.0,8.7,86.0
24.0,4.1,Sunny,Medium,Scooter,Suburban,Lunch,No,0.0,2.6,69.0
30.0,4.6,Windy,Medium,Motorcycle,Urban,Dinner,Yes,4.0,4.4,60.0
21.0,4.1,Cloudy,High,Scooter,Suburban,Dinner,Yes,0.0,0.6,70.0
29.0,3.7,Stormy,Low,Motorcycle,Suburban,Dinner,No,1.0,12.8,87.0
37.0,4.0,Windy,Medium,Scooter,Rural,Breakfast,No,1.0,6.5,65.0
28.0,3.8,Stormy,High,,Suburban,Lunch,No,0.0,2.5,80.0
18.0,4.0,Windy,Medium,Scooter,Suburban,Dinner,No,3.0,7.6,69.0
22.0,4.3,Rainy,High,Car,Urban,,No,2.0,4.5,79.0
29.0,3.4,,High,Motorcycle,,Snack,No,3.0,2.9,73.0
23.0,5.0,Rainy,High,Scooter,Urban,Breakfast,,1.0,0.9,63.0
15.0,4.1,Sunny,High,Motorcycle,Rural,Lunch,No,3.0,10.4,85.0
19.0,3.8,Sunny,,Scooter,Rural,,No,1.0,2.3,57.0
40.0,4.5,Windy,,Car,Urban,Lunch,Yes,0.0,5.7,94.0
30.0,4.3,,Medium,Scooter,Urban,Dinner,No,1.0,3.1,65.0
18.0,4.4,Stormy,Low,Motorcycle,Urban,Lunch,No,3.0,7.3,80.0
35.0,4.0,Stormy,Medium,Bicycle,Urban,Lunch,Yes,1.0,5.6,96.0
33.0,4.0,Sunny,Medium,Car,Urban,Snack,No,1.0,5.4,50.0
29.0,4.8,,Low,Motorcycle,Suburban,Dinner,Yes,2.0,2.6,83.0
24.0,4.5,Stormy,Low,Scooter,Rural,,No,1.0,11.6,82.0
25.0,4.0,Rainy,Low,Scooter,Urban,,No,0.0,5.9,58.0
15.0,3.4,Rainy,High,Bicycle,Urban,Dinner,No,3.0,3.9,72.0
24.0,4.0,Cloudy,High,Car,Suburban,Snack,Yes,3.0,6.1,74.0
19.0,4.2,Sunny,,Car,Urban,Dinner,,1.0,2.6,42.0
30.0,4.6,Windy,High,Motorcycle,Suburban,Lunch,No,0.0,7.0,81.0
32.0,3.7,Rainy,Medium,Motorcycle,Suburban,Lunch,No,1.0,1.4,45.0
30.0,3.8,Cloudy,Low,Motorcycle,Rural,Dinner,No,1.0,5.4,75.0
23.0,3.6,Sunny,Low,Motorcycle,Urban,Lunch,No,0.0,4.5,31.0
19.0,3.3,Sunny,Medium,Bicycle,Suburban,,No,0.0,5.2,53.0
20.0,4.4,Windy,Low,Bicycle,Urban,Dinner,No,2.0,1.9,68.0
23.0,4.7,Cloudy,,Bike,Urban,Lunch,No,2.0,5.2,68.0
23.0,4.5,Sunny,High,Motorcycle,,Dinner,Yes,2.0,5.1,90.0
28.0,4.0,Sunny,High,Motorcycle,Rural,Dinner,No,1.0,3.3,79.0
33.0,4.1,Sunny,Medium,,Suburban,Lunch,Yes,0.0,0.6,53.0
26.0,4.0,,Medium,Motorcycle,Urban,Dinner,No,3.0,2.0,56.0
33.0,5.0,Cloudy,Medium,Motorcycle,Suburban,Dinner,No,1.0,2.1,48.0
21.0,4.6,Sunny,High,Car,Urban,Lunch,Yes,1.0,0.5,55.0
25.0,3.9,Cloudy,Low,Car,Suburban,Dinner,,1.0,7.3,73.0
27.0,3.7,Sunny,Medium,Bicycle,Urban,Snack,No,2.0,6.1,71.0
34.0,4.2,Sunny,High,Car,Suburban,Dinner,No,1.0,2.0,61.0
25.0,4.2,Rainy,High,Motorcycle,Suburban,Breakfast,No,1.0,7.5,72.0
31.0,4.4,Stormy,High,Scooter,,Dinner,No,0.0,3.0,76.0
30.0,4.7,Sunny,High,Motorcycle,Suburban,Lunch,Yes,1.0,4.1,69.0
19.0,4.2,Cloudy,Low,Motorcycle,Urban,Lunch,No,2.0,7.4,46.0
20.0,3.5,Rainy,High,Scooter,Urban,Dinner,No,0.0,12.6,95.0
39.0,4.4,Cloudy,High,Scooter,Urban,Lunch,Yes,0.0,0.1,73.0
27.0,4.9,Windy,Medium,Car,Urban,Breakfast,No,4.0,6.3,86.0
21.0,4.7,Cloudy,Low,Motorcycle,Rural,Dinner,No,0.0,3.2,58.0
35.0,3.7,Rainy,High,Scooter,,Breakfast,No,1.0,1.7,86.0
32.0,4.2,,Medium,Bike,Urban,Lunch,No,0.0,7.0,72.0
33.0,3.2,Cloudy,Medium,Scooter,Rural,Dinner,No,3.0,13.0,74.0
16.0,3.6,Sunny,Medium,Bicycle,Urban,Dinner,Yes,3.0,10.8,87.0
22.0,3.6,Rainy,,Motorcycle,Rural,Lunch,No,4.0,7.4,71.0
24.0,4.1,Rainy,Medium,Bicycle,Urban,Breakfast,No,0.0,2.6,57.0
21.0,4.9,Cloudy,Jam,Motorcycle,,Lunch,,1.0,3.8,85.0
30.0,4.1,Windy,Medium,Bicycle,Urban,Breakfast,No,1.0,5.0,44.0
20.0,4.1,Rainy,Low,Bicycle,Urban,,No,1.0,9.2,67.0
24.0,4.7,Sunny,Medium,Motorcycle,Urban,Dinner,,0.0,18.6,99.0
,3.7,Cloudy,Jam,Scooter,,Lunch,No,0.0,3.0,85.0
30.0,3.6,Sunny,Medium,Motorcycle,Urban,Breakfast,No,1.0,7.0,65.0
25.0,4.1,Sunny,High,Motorcycle,Suburban,Breakfast,No,1.0,9.5,82.0
33.0,4.0,Windy,Medium,Scooter,Rural,Lunch,No,0.0,2.9,62.0
25.0,4.2,Sunny,Jam,Motorcycle,Suburban,,No,0.0,9.0,81.0
31.0,4.1,Cloudy,Jam,Scooter,Suburban,Dinner,No,1.0,3.3,77.0
25.0,4.3,Sunny,High,Motorcycle,,Lunch,No,2.0,3.0,57.0
29.0,4.7,,Low,Motorcycle,Suburban,Snack,No,2.0,11.6,78.0
22.0,4.4,Sunny,Jam,Motorcycle,Urban,Dinner,No,0.0,3.0,67.0
30.0,3.4,Cloudy,Medium,Motorcycle,Suburban,Lunch,Yes,1.0,4.6,67.0
26.0,4.7,Sunny,High,Motorcycle,Urban,Lunch,No,0.0,9.6,78.0
25.0,4.0,Sunny,High,Motorcycle,Urban,Dinner,No,0.0,5.8,57.0
17.0,3.7,Sunny,Jam,Motorcycle,Suburban,Dinner,Yes,2.0,2.9,77.0
35.0,3.5,Sunny,High,Motorcycle,Urban,Lunch,No,3.0,6.6,77.0
19.0,4.1,Sunny,High,Motorcycle,Suburban,Lunch,No,0.0,,71.0
36.0,4.0,Sunny,,Motorcycle,Suburban,Lunch,No,5.0,10.2,99.0
21.0,3.0,Cloudy,Low,Motorcycle,Urban,Breakfast,,1.0,0.7,48.0
35.0,4.7,,,Car,Suburban,Snack,Yes,1.0,6.8,83.0
21.0,3.9,Rainy,Jam,Scooter,Urban,Lunch,Yes,0.0,3.2,106.0
27.0,4.1,Cloudy,High,Bicycle,Urban,Snack,No,0.0,8.0,76.0
25.0,4.9,Cloudy,Low,Motorcycle,Suburban,Snack,No,1.0,1.3,36.0
28.0,5.0,Windy,Medium,Motorcycle,Urban,Lunch,No,1.0,14.3,92.0
30.0,4.1,Rainy,Medium,Motorcycle,,Dinner,No,0.0,2.7,58.0
27.0,4.2,Stormy,Jam,Bike,Urban,Dinner,Yes,0.0,0.7,100.0
23.0,4.5,Rainy,Jam,Motorcycle,Suburban,Snack,No,1.0,6.8,102.0
22.0,4.9,Cloudy,Medium,Scooter,Urban,Dinner,,0.0,1.8,57.0
22.0,4.3,Cloudy,Medium,Motorcycle,Urban,Snack,No,1.0,4.0,78.0
28.0,4.4,Cloudy,Low,Bicycle,,Breakfast,Yes,0.0,2.9,62.0
27.0,3.7,Rainy,Medium,Motorcycle,Urban,Dinner,No,0.0,10.3,100.0
22.0,4.0,Sunny,Medium,Motorcycle,Suburban,Lunch,Yes,2.0,11.4,112.0
36.0,4.3,Rainy,Jam,Motorcycle,Urban,Lunch,No,1.0,2.9,91.0
26.0,4.5,Cloudy,Medium,Scooter,Suburban,Dinner,No,1.0,4.0,56.0
18.0,3.9,Stormy,High,Bicycle,Suburban,Dinner,No,1.0,1.2,73.0
39.0,4.2,Sunny,Medium,Motorcycle,Rural,Lunch,No,2.0,4.6,60.0
24.0,4.6,Rainy,High,Car,Rural,,No,1.0,8.4,91.0
34.0,5.0,Sunny,Medium,Motorcycle,Urban,Lunch,No,1.0,6.2,55.0
22.0,4.0,Rainy,Low,Scooter,Rural,Lunch,No,1.0,5.4,45.0
29.0,4.7,Sunny,,Scooter,Rural,Lunch,Yes,0.0,18.5,97.0
32.0,4.8,Sunny,Medium,Motorcycle,Suburban,Lunch,,1.0,10.1,71.0
44.0,4.1,,Medium,Car,Rural,Breakfast,No,3.0,4.3,72.0
40.0,4.8,Sunny,Low,Motorcycle,Suburban,Lunch,No,2.0,3.9,37.0
34.0,5.0,Sunny,Medium,Motorcycle,Urban,Breakfast,No,3.0,4.1,67.0
37.0,3.2,Sunny,Jam,Bicycle,,Snack,No,2.0,9.1,90.0
31.0,,Rainy,Medium,Motorcycle,Rural,Breakfast,Yes,2.0,,87.0
23.0,3.9,Rainy,Medium,Car,Rural,Dinner,Yes,2.0,3.6,83.0
28.0,4.8,Stormy,High,Car,Urban,Breakfast,,1.0,1.1,77.0
44.0,4.2,Sunny,Medium,Car,Rural,Snack,Yes,0.0,3.7,63.0
25.0,4.1,Sunny,Low,Scooter,Suburban,Snack,Yes,,6.4,67.0
28.0,4.8,Rainy,High,Car,Urban,Breakfast,No,0.0,2.9,56.0
38.0,4.0,Sunny,Low,Car,Rural,Snack,No,2.0,6.8,67.0
25.0,4.8,Stormy,High,Motorcycle,Urban,Snack,No,0.0,9.5,87.0
37.0,4.1,Windy,Jam,Scooter,Rural,Snack,No,0.0,1.8,65.0
28.0,3.6,Sunny,,Motorcycle,Urban,Dinner,No,2.0,1.1,46.0
26.0,4.1,Sunny,,Scooter,Urban,Lunch,Yes,1.0,1.7,58.0
40.0,4.2,Cloudy,High,Bike,Suburban,Dinner,No,1.0,3.3,69.0
34.0,3.3,Cloudy,High,Motorcycle,Suburban,Lunch,,1.0,10.0,88.0
26.0,4.5,,High,,Urban,Lunch,Yes,1.0,2.5,95.0
26.0,4.0,Stormy,High,Motorcycle,Suburban,Lunch,No,2.0,7.6,96.0
29.0,4.1,Rainy,Medium,Car,Rural,Lunch,No,1.0,3.0,68.0
21.0,3.8,Rainy,High,Motorcycle,Suburban,Dinner,No,1.0,4.0,76.0
29.0,4.4,Cloudy,Medium,Car,Suburban,Lunch,Yes,0.0,5.5,89.0
27.0,4.5,Cloudy,Medium,Scooter,Urban,Dinner,Yes,1.0,7.7,85.0
40.0,5.0,Cloudy,Medium,Car,Suburban,Breakfast,Yes,4.0,8.7,89.0
20.0,4.1,Sunny,Low,Scooter,Suburban,Snack,No,1.0,3.4,56.0
21.0,4.5,Sunny,High,Car,Rural,Dinner,No,1.0,3.7,62.0
26.0,3.9,Rainy,High,Car,Urban,Dinner,No,0.0,3.0,66.0
36.0,3.9,Cloudy,,Scooter,Urban,Lunch,Yes,0.0,13.0,82.0
25.0,4.3,Cloudy,High,,Rural,Dinner,Yes,0.0,6.6,78.0
31.0,3.4,Stormy,,Motorcycle,Urban,Lunch,No,1.0,3.1,62.0
,4.4,Cloudy,High,Scooter,Suburban,Snack,No,0.0,2.4,52.0
31.0,3.8,Sunny,Low,Scooter,Urban,Dinner,No,0.0,6.5,45.0
37.0,4.2,Rainy,High,Motorcycle,Urban,Lunch,Yes,2.0,9.2,109.0
42.0,3.3,Windy,Medium,Car,Urban,Breakfast,No,1.0,3.4,59.0
13.0,3.6,Rainy,High,Motorcycle,Rural,Lunch,Yes,3.0,3.6,104.0
24.0,3.5,Sunny,Low,Bicycle,Suburban,Lunch,No,1.0,2.5,41.0
37.0,3.5,Windy,Jam,Motorcycle,,Lunch,Yes,2.0,4.0,103.0
33.0,3.2,Windy,High,Scooter,Suburban,Snack,No,1.0,8.7,95.0
25.0,3.9,Rainy,Medium,Bicycle,Suburban,Lunch,,0.0,4.9,57.0
25.0,3.8,Cloudy,High,Motorcycle,Rural,Lunch,No,0.0,1.5,46.0
37.0,4.5,Rainy,Medium,Scooter,Rural,Snack,No,1.0,1.3,59.0
29.0,4.1,Sunny,High,Bicycle,,Lunch,No,1.0,4.3,71.0
25.0,4.2,Sunny,Medium,Scooter,Urban,Dinner,Yes,2.0,0.9,55.0
24.0,4.4,Rainy,Low,Scooter,Urban,Snack,No,2.0,3.4,75.0
29.0,3.1,Stormy,High,Bicycle,Suburban,Breakfast,Yes,0.0,0.5,81.0
39.0,4.5,Sunny,Low,Scooter,Urban,Lunch,No,5.0,6.5,72.0
32.0,4.0,Sunny,Low,Car,Urban,Breakfast,No,2.0,0.3,45.0
34.0,4.2,Cloudy,Medium,Scooter,Suburban,Dinner,No,0.0,4.2,78.0
28.0,4.2,Windy,Medium,Car,,Lunch,,2.0,7.8,80.0
29.0,4.5,Sunny,High,Motorcycle,Suburban,Dinner,No,2.0,1.9,69.0
29.0,4.1,Windy,Low,Bicycle,Urban,Dinner,No,2.0,10.6,90.0
26.0,,,Low,Scooter,Suburban,Lunch,Yes,2.0,4.2,48.0
33.0,4.2,Windy,Low,Car,,Breakfast,No,1.0,3.7,41.0
32.0,3.8,Windy,Low,Motorcycle,Urban,Dinner,Yes,3.0,2.0,60.0
28.0,4.1,Cloudy,,Car,Suburban,Lunch,No,2.0,5.5,82.0
29.0,4.0,Sunny,Medium,Motorcycle,Urban,Lunch,No,2.0,1.9,42.0
25.0,3.6,Sunny,Medium,Motorcycle,Rural,Lunch,No,0.0,2.7,66.0
20.0,4.1,Cloudy,Low,Motorcycle,Urban,Lunch,No,2.0,15.7,75.0
29.0,4.8,Rainy,Medium,Bicycle,Urban,,No,1.0,2.2,71.0
26.0,4.3,Cloudy,High,Motorcycle,,Dinner,No,1.0,1.9,54.0
29.0,3.8,Sunny,High,Scooter,Rural,Lunch,No,0.0,2.1,43.0
24.0,4.0,Windy,High,Bicycle,,Snack,Yes,1.0,2.5,87.0
37.0,4.8,Sunny,Jam,Car,,Lunch,No,0.0,7.6,95.0
32.0,3.6,Rainy,Jam,Motorcycle,Suburban,Dinner,No,0.0,1.1,87.0
31.0,4.0,Rainy,Medium,Scooter,Urban,Lunch,No,0.0,1.8,62.0
15.0,3.9,,High,Motorcycle,Suburban,Dinner,Yes,0.0,4.4,93.0
28.0,4.1,,Low,Motorcycle,Suburban,Dinner,No,1.0,1.7,63.0
25.0,3.8,Windy,High,Scooter,Rural,Lunch,No,1.0,7.1,82.0
27.0,4.7,Windy,Low,Car,Suburban,Breakfast,Yes,0.0,8.8,74.0
31.0,4.0,Cloudy,Medium,,Suburban,Dinner,No,2.0,5.5,71.0
26.0,4.1,Sunny,Jam,Car,,Lunch,Yes,0.0,9.8,104.0
23.0,4.0,Sunny,Medium,Scooter,Urban,Lunch,No,3.0,5.5,58.0
33.0,5.0,Stormy,High,Motorcycle,Suburban,Lunch,Yes,2.0,4.7,98.0
23.0,4.5,Sunny,Low,Scooter,Suburban,Lunch,No,2.0,15.0,77.0
32.0,3.8,Windy,High,Motorcycle,Rural,Dinner,No,0.0,4.8,74.0
38.0,4.0,,Medium,Motorcycle,Rural,Lunch,No,1.0,,43.0
29.0,3.8,Rainy,Medium,Car,Urban,Lunch,No,1.0,2.9,53.0
30.0,4.2,Sunny,High,Motorcycle,Rural,Lunch,No,0.0,2.3,55.0
35.0,4.2,Cloudy,Medium,Motorcycle,Urban,Dinner,No,0.0,4.5,38.0
32.0,4.1,Rainy,Medium,Motorcycle,Suburban,Dinner,,3.0,4.6,62.0
38.0,4.6,,High,Car,Urban,Lunch,No,3.0,1.7,75.0
28.0,4.8,Sunny,Low,Bicycle,Urban,Snack,No,3.0,6.7,36.0
28.0,4.5,Rainy,Jam,Motorcycle,Urban,Dinner,No,1.0,4.4,96.0
20.0,4.9,,High,Bicycle,Urban,Snack,No,2.0,6.7,89.0
37.0,3.9,Sunny,Low,,Urban,Dinner,,1.0,2.5,33.0
29.0,4.8,Sunny,,Bicycle,Urban,Snack,Yes,0.0,12.9,96.0
,3.6,Sunny,Low,Scooter,Rural,Dinner,No,0.0,5.8,49.0
30.0,5.0,Sunny,Medium,Scooter,Urban,Lunch,No,1.0,7.0,64.0
42.0,3.7,Sunny,Medium,Motorcycle,Suburban,Lunch,Yes,2.0,3.4,65.0
26.0,4.3,Sunny,Low,,Urban,Dinner,No,1.0,7.4,42.0
38.0,3.2,,Low,Motorcycle,Rural,Dinner,Yes,2.0,4.0,72.0
25.0,3.8,,High,Motorcycle,Urban,Lunch,No,1.0,3.5,67.0
33.0,4.9,Rainy,High,Motorcycle,Suburban,Lunch,No,1.0,3.9,65.0
21.0,4.7,Sunny,Low,Motorcycle,Urban,Dinner,No,1.0,,59.0
34.0,3.6,Cloudy,Low,Scooter,Suburban,Lunch,No,0.0,12.7,86.0
14.0,4.1,Sunny,Low,Bicycle,Urban,Dinner,No,0.0,4.3,44.0
,3.1,Windy,High,Motorcycle,Suburban,Dinner,Yes,2.0,2.5,74.0
41.0,4.4,Windy,Medium,Scooter,Urban,Snack,No,1.0,2.2,68.0
25.0,3.8,Rainy,Medium,Motorcycle,Suburban,Snack,,0.0,4.2,61.0
33.0,3.4,Stormy,High,Motorcycle,Rural,Lunch,No,0.0,4.7,94.0
26.0,,Sunny,High,Bicycle,,Lunch,No,3.0,5.0,77.0
,4.6,Rainy,High,Motorcycle,Urban,Breakfast,No,0.0,3.4,58.0
26.0,4.1,Sunny,Low,Car,Urban,Lunch,No,0.0,8.2,56.0
27.0,4.4,,Jam,Car,Urban,Dinner,,3.0,4.4,96.0
24.0,4.7,Rainy,Low,Motorcycle,Suburban,Dinner,,2.0,2.4,75.0
27.0,3.3,,High,Car,Urban,Lunch,,1.0,0.5,54.0
23.0,4.1,Rainy,High,Scooter,,Snack,No,1.0,1.9,80.0
31.0,4.3,,Low,,Suburban,Breakfast,Yes,0.0,2.4,69.0
36.0,3.9,Cloudy,High,Motorcycle,Urban,Breakfast,No,1.0,7.0,76.0
37.0,4.6,Cloudy,Medium,Motorcycle,Urban,Lunch,No,0.0,1.3,56.0
30.0,4.6,Cloudy,Medium,,Urban,,No,1.0,2.0,45.0
23.0,4.6,,High,Car,Suburban,Lunch,No,2.0,5.2,74.0
23.0,4.5,Rainy,High,Motorcycle,Urban,Dinner,No,0.0,4.9,86.0
29.0,4.0,Windy,Low,Scooter,Suburban,Dinner,No,0.0,1.1,30.0
33.0,3.9,Rainy,Low,Bicycle,Suburban,Lunch,,1.0,2.9,44.0
19.0,5.0,Cloudy,Medium,Scooter,Rural,Lunch,Yes,1.0,10.0,91.0
27.0,3.6,Rainy,Medium,Motorcycle,Suburban,Dinner,Yes,1.0,0.1,50.0
,3.5,Stormy,Medium,Motorcycle,Suburban,Dinner,Yes,0.0,5.7,85.0
33.0,3.8,Cloudy,Medium,Scooter,Suburban,Snack,No,3.0,16.8,86.0
30.0,5.0,Sunny,,Motorcycle,Suburban,Breakfast,No,2.0,7.8,66.0
27.0,4.6,Rainy,Low,Motorcycle,,Dinner,No,2.0,5.8,66.0
25.0,4.4,Rainy,High,Motorcycle,Urban,Lunch,No,1.0,5.6,85.0
12.0,4.2,Sunny,Jam,Motorcycle,Suburban,Lunch,Yes,0.0,7.6,85.0
29.0,4.4,Sunny,Jam,Motorcycle,Urban,Dinner,,2.0,7.9,83.0
26.0,3.7,Sunny,High,Motorcycle,Rural,Dinner,No,2.0,5.9,80.0
19.0,3.5,Rainy,Medium,Motorcycle,Suburban,Dinner,,1.0,7.8,71.0
29.0,4.1,,High,Motorcycle,Rural,,No,1.0,3.4,77.0
30.0,4.6,Rainy,Medium,Car,Rural,Lunch,No,1.0,,67.0
22.0,4.1,Stormy,Jam,Scooter,Rural,Lunch,No,2.0,4.6,81.0
25.0,4.8,Rainy,,Motorcycle,Urban,Dinner,No,2.0,4.8,69.0
29.0,4.7,Cloudy,High,Bicycle,Suburban,Lunch,No,1.0,1.8,66.0
39.0,4.3,Rainy,High,Motorcycle,Urban,Lunch,No,2.0,4.3,78.0
30.0,3.5,Rainy,,,Urban,Lunch,No,0.0,2.9,77.0
16.0,4.8,Rainy,Medium,Motorcycle,,Dinner,No,0.0,4.2,46.0
36.0,3.6,Windy,Low,Motorcycle,Suburban,Breakfast,No,2.0,6.4,70.0
28.0,4.8,Sunny,Low,Bike,Suburban,Lunch,No,0.0,6.5,46.0
24.0,3.8,Stormy,High,Motorcycle,Rural,Breakfast,Yes,1.0,9.4,110.0
31.0,4.5,Stormy,High,Scooter,Urban,Dinner,No,1.0,1.2,72.0
27.0,3.8,Sunny,High,Motorcycle,Suburban,Dinner,Yes,1.0,4.4,76.0
29.0,4.2,Sunny,Medium,Bicycle,Urban,,No,2.0,4.8,73.0
28.0,4.4,Rainy,Medium,Motorcycle,Urban,Lunch,Yes,0.0,10.5,94.0
14.0,4.6,Rainy,Medium,Motorcycle,Suburban,Snack,,2.0,5.3,52.0
27.0,4.2,Cloudy,Medium,Motorcycle,,Lunch,No,1.0,3.2,59.0
30.0,4.9,Sunny,Low,Scooter,Suburban,Lunch,Yes,1.0,3.0,65.0
32.0,4.1,Cloudy,Jam,Motorcycle,Urban,Lunch,No,1.0,4.4,89.0
36.0,3.8,Sunny,,Bicycle,Suburban,Lunch,No,0.0,2.8,46.0
30.0,4.6,Rainy,Low,Motorcycle,Urban,Snack,Yes,1.0,4.4,70.0
20.0,4.6,Cloudy,Medium,Car,Urban,Breakfast,No,1.0,8.4,67.0
25.0,3.6,Rainy,Medium,,Suburban,Dinner,No,2.0,3.6,68.0
28.0,4.0,Stormy,Low,Bike,,Lunch,No,0.0,0.8,56.0
21.0,4.6,Cloudy,High,Motorcycle,Urban,Dinner,No,1.0,5.3,66.0
20.0,4.2,Rainy,,Motorcycle,Suburban,Lunch,,2.0,5.7,55.0
22.0,4.0,Sunny,Low,Scooter,Urban,Breakfast,,1.0,8.8,58.0
19.0,4.4,Sunny,High,Motorcycle,Urban,Dinner,No,0.0,4.7,74.0
28.0,3.7,Cloudy,Low,Car,Suburban,Dinner,No,0.0,1.1,33.0
36.0,4.7,Windy,Medium,Motorcycle,Urban,Dinner,No,0.0,2.0,65.0
36.0,4.6,Stormy,,Motorcycle,Urban,Lunch,,0.0,10.6,103.0
30.0,3.9,Rainy,Medium,Motorcycle,Urban,Dinner,,2.0,0.2,50.0
17.0,3.9,Sunny,Medium,Car,Suburban,Breakfast,No,3.0,0.1,51.0
23.0,4.6,Stormy,High,Motorcycle,,Lunch,No,0.0,17.6,120.0
35.0,3.7,Rainy,,,Suburban,Snack,No,1.0,8.3,72.0
44.0,4.2,Sunny,High,Scooter,Suburban,Lunch,No,0.0,,78.0
30.0,4.1,Rainy,,Car,Suburban,Breakfast,Yes,1.0,1.2,70.0
29.0,3.3,Sunny,Medium,Motorcycle,Urban,Lunch,No,1.0,0.3,45.0
41.0,4.1,Rainy,High,Motorcycle,Rural,Lunch,No,0.0,4.1,50.0
25.0,4.6,Cloudy,Medium,Motorcycle,Urban,Dinner,,0.0,11.7,75.0
20.0,4.2,Rainy,,Scooter,Suburban,Snack,Yes,0.0,6.6,79.0
29.0,4.2,Sunny,Low,Motorcycle,Suburban,Dinner,No,1.0,1.3,61.0
29.0,4.3,Sunny,Medium,Car,Rural,Dinner,,3.0,2.5,50.0
31.0,4.3,Cloudy,Medium,Bike,,Lunch,,2.0,3.1,58.0
30.0,4.8,Sunny,Medium,Motorcycle,Rural,Breakfast,No,2.0,8.2,91.0
26.0,3.3,Cloudy,Medium,Motorcycle,Rural,Breakfast,No,2.0,9.9,81.0
40.0,,Rainy,Medium,Motorcycle,Suburban,Dinner,No,2.0,3.8,63.0
28.0,4.1,Cloudy,Jam,Motorcycle,Urban,Dinner,Yes,1.0,7.6,92.0
41.0,4.0,Rainy,High,Motorcycle,Rural,Dinner,No,0.0,5.7,66.0
26.0,3.6,Rainy,High,Scooter,Urban,Dinner,No,2.0,3.9,82.0
35.0,4.7,Cloudy,Low,Motorcycle,Urban,Dinner,No,1.0,1.8,49.0
25.0,4.8,Stormy,High,Scooter,Rural,Dinner,Yes,0.0,3.0,81.0
27.0,4.3,Sunny,,Car,Urban,Dinner,No,3.0,5.9,65.0
34.0,4.8,Rainy,Medium,Motorcycle,Urban,Lunch,Yes,1.0,4.8,74.0
25.0,3.7,,,Bicycle,Suburban,Lunch,Yes,1.0,0.6,44.0
25.0,4.0,Cloudy,Low,Motorcycle,Rural,,No,1.0,5.5,54.0
29.0,3.7,,Medium,Bicycle,Suburban,Lunch,Yes,0.0,3.8,69.0
39.0,4.9,Sunny,High,Scooter,Urban,Lunch,No,1.0,1.5,50.0
26.0,4.5,Windy,Medium,Motorcycle,Suburban,Lunch,No,0.0,2.5,45.0
28.0,4.5,Cloudy,Low,Scooter,Suburban,Breakfast,,1.0,7.5,70.0
26.0,4.0,Sunny,High,Motorcycle,Suburban,Dinner,No,4.0,2.9,72.0
29.0,4.5,Sunny,Medium,Motorcycle,Urban,Lunch,No,1.0,2.0,57.0
26.0,4.7,Sunny,Medium,,Urban,Dinner,Yes,0.0,6.6,62.0
31.0,,Rainy,,Scooter,Urban,Dinner,No,2.0,5.6,83.0
32.0,3.3,Sunny,Medium,Scooter,Urban,Snack,No,1.0,5.0,46.0
27.0,4.1,Cloudy,Medium,Motorcycle,Urban,Breakfast,No,1.0,4.2,63.0
16.0,3.7,Rainy,High,Motorcycle,Rural,Lunch,No,0.0,2.9,72.0
33.0,3.5,Sunny,High,Motorcycle,Rural,Snack,No,0.0,3.9,59.0
39.0,3.8,Windy,,Car,Rural,Breakfast,Yes,1.0,0.6,71.0
20.0,4.6,Sunny,Medium,Bicycle,Urban,Dinner,No,3.0,11.6,93.0
20.0,4.1,Rainy,Jam,Motorcycle,Urban,Lunch,No,1.0,7.0,112.0
27.0,3.8,Sunny,High,Bicycle,Rural,,No,1.0,1.5,63.0
29.0,3.9,Cloudy,High,Motorcycle,Urban,Lunch,No,2.0,2.8,56.0
29.0,4.3,Cloudy,Medium,Bicycle,Urban,Snack,No,1.0,3.1,52.0
25.0,4.3,Sunny,Low,Bicycle,Urban,Dinner,No,0.0,6.8,59.0
15.0,3.9,Rainy,Medium,Motorcycle,Urban,Breakfast,No,1.0,4.6,74.0
22.0,4.2,Stormy,High,Motorcycle,Suburban,Breakfast,Yes,1.0,2.6,89.0
27.0,3.7,Stormy,Medium,Scooter,Suburban,Breakfast,No,1.0,8.0,89.0
22.0,4.1,,Low,Motorcycle,Urban,Dinner,,2.0,1.1,60.0
25.0,4.6,Cloudy,Medium,Bicycle,Suburban,Dinner,No,2.0,9.6,63.0
30.0,3.9,,High,Bicycle,Urban,Breakfast,No,2.0,6.0,91.0
39.0,4.2,Sunny,High,Scooter,,Dinner,No,0.0,1.9,57.0
35.0,3.5,Windy,,Motorcycle,Urban,Dinner,,1.0,5.3,66.0
38.0,4.5,Sunny,High,Car,Urban,Dinner,,0.0,6.8,65.0
25.0,4.6,Cloudy,High,Motorcycle,Urban,Dinner,Yes,1.0,3.3,84.0
33.0,4.9,Rainy,High,Car,Urban,Dinner,No,1.0,6.4,74.0
21.0,4.2,Sunny,High,Motorcycle,Urban,Dinner,No,2.0,6.2,74.0
16.0,3.7,Cloudy,High,Car,Rural,Dinner,No,0.0,6.1,67.0
33.0,4.1,Windy,Low,Motorcycle,Urban,Snack,No,2.0,,52.0
39.0,3.9,Rainy,Medium,Scooter,Rural,Dinner,No,0.0,3.1,56.0
29.0,5.0,Rainy,High,Bicycle,Suburban,Lunch,Yes,1.0,5.2,101.0
22.0,4.9,Cloudy,Medium,Car,Suburban,Snack,No,1.0,5.6,61.0
28.0,4.2,Rainy,Jam,Motorcycle,Urban,Lunch,No,2.0,8.4,100.0
27.0,3.9,Windy,High,Car,Urban,Lunch,Yes,3.0,3.7,80.0
26.0,3.7,Sunny,Medium,,Urban,,No,0.0,3.1,44.0
31.0,3.8,,Low,Car,Rural,,No,0.0,4.0,61.0
39.0,4.2,Sunny,High,Bicycle,Urban,Lunch,No,2.0,5.0,75.0
34.0,3.6,Rainy,Low,Scooter,Suburban,Lunch,Yes,0.0,7.0,70.0
37.0,4.6,Sunny,Medium,Car,Urban,Lunch,No,0.0,3.0,54.0
34.0,4.6,Sunny,Medium,Motorcycle,Suburban,Lunch,No,2.0,,60.0
39.0,4.1,,Low,Motorcycle,Urban,Dinner,No,1.0,4.8,69.0
24.0,4.5,Rainy,Medium,Bicycle,Suburban,Breakfast,Yes,0.0,1.3,74.0
34.0,3.9,Sunny,Medium,Motorcycle,Urban,Lunch,No,1.0,25.0,115.0
29.0,4.9,Rainy,Medium,Motorcycle,Suburban,Snack,No,3.0,1.2,56.0
27.0,5.0,Windy,High,,Suburban,Dinner,Yes,1.0,2.6,98.0
26.0,4.3,Sunny,Medium,Motorcycle,Rural,Snack,,3.0,9.8,56.0
32.0,4.3,,High,Motorcycle,Urban,Dinner,,2.0,1.1,65.0
28.0,4.1,Stormy,Jam,Motorcycle,Rural,Lunch,No,1.0,0.6,76.0
24.0,4.1,Sunny,High,Motorcycle,Urban,Snack,Yes,1.0,25.4,120.0
28.0,3.7,Cloudy,Low,Motorcycle,Suburban,Dinner,No,,6.0,47.0
28.0,4.9,Rainy,,Scooter,Urban,Dinner,Yes,0.0,21.8,120.0
28.0,4.2,Sunny,Low,Scooter,Rural,Dinner,No,1.0,6.6,54.0
23.0,3.8,Rainy,Low,Car,Urban,Dinner,No,0.0,1.9,39.0
25.0,4.7,,Medium,,Urban,Lunch,No,0.0,3.5,56.0
29.0,3.6,Rainy,Medium,Scooter,Urban,Breakfast,Yes,3.0,0.8,79.0
20.0,5.0,Sunny,High,Motorcycle,Urban,,No,3.0,8.7,73.0
27.0,4.3,Rainy,Medium,Motorcycle,Urban,Lunch,Yes,1.0,5.5,86.0
30.0,4.2,Rainy,Medium,Motorcycle,Urban,Breakfast,No,2.0,3.6,65.0
33.0,3.8,Sunny,Medium,Motorcycle,Suburban,Snack,Yes,3.0,4.7,71.0
25.0,4.8,Rainy,Low,Motorcycle,Suburban,Lunch,No,2.0,9.0,66.0
29.0,4.3,Rainy,Medium,Scooter,Suburban,Lunch,No,0.0,6.0,77.0
27.0,4.6,,High,Motorcycle,Urban,Lunch,No,3.0,10.5,99.0
36.0,3.9,Cloudy,Medium,,Suburban,Snack,No,0.0,3.7,42.0
19.0,4.6,Rainy,Low,Car,Urban,Dinner,No,2.0,9.8,74.0
32.0,3.0,Rainy,High,Scooter,Urban,Snack,No,3.0,13.0,89.0
23.0,3.8,Sunny,Medium,Motorcycle,Suburban,Lunch,No,2.0,9.0,82.0
19.0,3.8,Rainy,Medium,Bicycle,Rural,Dinner,No,5.0,4.3,82.0
23.0,3.7,Sunny,Medium,Scooter,Suburban,Snack,Yes,0.0,6.9,61.0
32.0,,Sunny,Jam,Bicycle,Urban,Lunch,No,1.0,2.1,75.0
20.0,4.6,Rainy,Medium,Bicycle,Urban,Lunch,Yes,1.0,4.3,75.0
23.0,3.5,Sunny,High,,,Dinner,,1.0,7.9,90.0
29.0,3.3,Stormy,High,Scooter,Urban,Lunch,Yes,2.0,2.9,105.0
35.0,4.9,Rainy,Medium,Motorcycle,Suburban,Lunch,Yes,1.0,9.2,103.0
31.0,,Rainy,Low,Motorcycle,,Snack,No,0.0,2.0,58.0
35.0,4.8,Sunny,High,Car,Suburban,Lunch,,1.0,11.2,76.0
30.0,3.9,Sunny,High,Scooter,Urban,Lunch,No,4.0,11.0,91.0
27.0,4.7,Cloudy,High,Motorcycle,Urban,Lunch,,3.0,0.6,80.0
28.0,3.8,Cloudy,High,Motorcycle,Rural,Dinner,No,1.0,3.4,69.0
35.0,3.6,Sunny,Jam,Motorcycle,Urban,Dinner,No,1.0,5.9,77.0
31.0,3.8,Sunny,Medium,,Suburban,Snack,No,0.0,6.5,62.0
37.0,4.4,Cloudy,High,Scooter,Rural,Dinner,No,2.0,5.4,78.0
34.0,3.8,Windy,Jam,Motorcycle,Suburban,Dinner,Yes,1.0,4.0,95.0
28.0,3.6,,High,Motorcycle,Urban,Dinner,Yes,0.0,7.6,100.0
26.0,4.3,Windy,High,Motorcycle,Suburban,,No,0.0,2.9,78.0
27.0,4.2,Cloudy,Medium,Motorcycle,Urban,Dinner,No,3.0,0.7,39.0
27.0,4.0,Rainy,,Motorcycle,,Breakfast,,0.0,9.1,88.0
33.0,3.9,Sunny,Low,Car,Rural,Dinner,No,4.0,3.5,52.0
30.0,5.0,,Medium,Motorcycle,Urban,Dinner,No,2.0,4.9,59.0
28.0,4.4,Sunny,Medium,Motorcycle,Urban,Lunch,No,0.0,8.3,64.0
36.0,4.3,Rainy,High,Motorcycle,Urban,Lunch,No,1.0,5.4,85.0
27.0,3.4,Windy,Medium,Scooter,Urban,Dinner,,0.0,3.8,56.0
32.0,3.7,Cloudy,High,Motorcycle,Suburban,Dinner,Yes,1.0,1.7,63.0
29.0,4.3,Cloudy,High,Bicycle,Urban,Snack,No,0.0,7.2,93.0
24.0,4.7,Sunny,Jam,Scooter,Suburban,Breakfast,No,0.0,3.6,82.0
31.0,5.0,Sunny,Low,Scooter,Suburban,Lunch,No,1.0,9.9,58.0
33.0,4.3,Stormy,Medium,Car,Urban,Lunch,No,1.0,5.2,81.0
42.0,4.1,Rainy,Medium,,Suburban,Lunch,No,2.0,1.8,57.0
30.0,4.6,Windy,Low,Scooter,Urban,Dinner,Yes,2.0,13.1,90.0
22.0,5.0,Rainy,Medium,Motorcycle,Urban,,Yes,0.0,2.3,49.0
36.0,4.3,Sunny,Medium,Car,Suburban,Dinner,,1.0,11.0,69.0
26.0,4.0,Cloudy,High,,Suburban,Lunch,Yes,1.0,3.5,98.0
30.0,3.8,Rainy,Medium,Motorcycle,Urban,Snack,No,4.0,10.0,90.0
39.0,4.2,Rainy,High,Car,Urban,Breakfast,Yes,0.0,8.7,110.0
29.0,4.4,Rainy,Medium,Bicycle,Urban,Lunch,No,1.0,9.2,62.0
32.0,3.9,Rainy,Medium,Motorcycle,Urban,Dinner,No,5.0,2.3,64.0
32.0,5.0,Stormy,High,Motorcycle,Urban,Snack,No,1.0,3.2,81.0
20.0,4.2,Sunny,High,Car,Urban,Lunch,No,2.0,7.6,84.0
33.0,5.0,Rainy,Medium,Motorcycle,Urban,Snack,No,3.0,7.4,76.0
33.0,4.5,Cloudy,Medium,Scooter,,Dinner,No,0.0,5.1,63.0
31.0,4.0,Sunny,Medium,Motorcycle,Urban,Lunch,No,2.0,10.3,65.0
25.0,3.6,Windy,Medium,Car,Urban,Dinner,No,3.0,4.2,61.0
46.0,3.1,Rainy,Medium,Motorcycle,Urban,Lunch,No,1.0,8.1,80.0
28.0,4.3,,Low,Scooter,Urban,Dinner,No,2.0,7.3,67.0
29.0,4.3,Stormy,High,Motorcycle,Suburban,Dinner,No,3.0,3.8,87.0
33.0,4.4,Sunny,Medium,Motorcycle,Urban,,No,1.0,4.2,53.0
24.0,4.3,Stormy,High,Car,Rural,Dinner,No,1.0,0.8,79.0
33.0,4.4,Sunny,High,Motorcycle,Suburban,Breakfast,No,1.0,6.7,84.0
16.0,4.1,,Medium,Motorcycle,Urban,Dinner,Yes,2.0,3.9,72.0
19.0,4.5,Rainy,Low,Motorcycle,Urban,Dinner,No,0.0,0.8,28.0
33.0,5.0,Sunny,High,Scooter,Urban,,,0.0,17.6,74.0
23.0,5.0,Sunny,High,Motorcycle,Urban,Snack,No,1.0,8.1,78.0
25.0,4.3,Cloudy,Medium,Motorcycle,Urban,Lunch,Yes,1.0,3.1,64.0
37.0,4.5,,Medium,Motorcycle,Rural,Breakfast,No,0.0,10.6,74.0
31.0,5.0,Cloudy,Low,Scooter,Urban,Dinner,No,3.0,0.9,44.0
30.0,3.7,Rainy,High,Bicycle,Suburban,Breakfast,No,1.0,4.2,80.0
24.0,3.6,Cloudy,High,Scooter,Urban,Snack,No,1.0,3.3,70.0
27.0,3.7,Cloudy,Jam,Scooter,Rural,Lunch,Yes,2.0,3.4,94.0
36.0,4.0,Sunny,Jam,Bicycle,Urban,Lunch,No,1.0,5.5,68.0
18.0,4.1,Stormy,Medium,Motorcycle,Urban,Snack,No,2.0,4.9,69.0
,3.7,,High,Motorcycle,Urban,Breakfast,No,2.0,2.8,67.0
21.0,4.2,Sunny,Low,Motorcycle,Urban,Lunch,No,0.0,1.1,36.0
30.0,3.9,Sunny,Medium,Motorcycle,Suburban,Dinner,Yes,1.0,4.5,69.0
45.0,3.8,Cloudy,High,Motorcycle,Urban,Dinner,No,0.0,8.6,99.0
28.0,4.8,,High,Scooter,Suburban,Dinner,Yes,3.0,,120.0
16.0,4.0,Sunny,Medium,Motorcycle,Suburban,Snack,No,2.0,3.7,58.0
36.0,4.1,,High,Motorcycle,Urban,Dinner,No,3.0,2.8,70.0
17.0,4.1,Rainy,Low,Scooter,,Snack,No,0.0,3.1,56.0
34.0,4.6,Rainy,High,Scooter,,Dinner,No,3.0,12.8,108.0
29.0,4.6,Rainy,Low,Scooter,Urban,Lunch,,1.0,2.1,51.0
24.0,3.7,Windy,Medium,Bicycle,Urban,Lunch,No,1.0,3.9,54.0
34.0,4.4,Rainy,Low,Motorcycle,Rural,Snack,No,1.0,7.2,58.0
34.0,4.2,Sunny,Medium,Motorcycle,Urban,Lunch,No,0.0,4.1,53.0
20.0,4.7,Cloudy,High,Motorcycle,Urban,Dinner,No,0.0,9.3,94.0
30.0,4.4,Rainy,Medium,Motorcycle,,Lunch,No,1.0,9.4,64.0
,4.5,Cloudy,High,Motorcycle,Suburban,Lunch,No,3.0,3.4,78.0
26.0,4.6,Stormy,High,Motorcycle,Urban,,No,3.0,2.1,91.0
31.0,,Cloudy,Jam,Scooter,Urban,Breakfast,,1.0,4.9,67.0
21.0,4.0,Rainy,Medium,Motorcycle,Urban,Breakfast,No,0.0,1.7,55.0
35.0,4.2,Stormy,Medium,Motorcycle,,Dinner,Yes,2.0,1.3,66.0
24.0,3.8,Rainy,High,Motorcycle,Suburban,Lunch,No,2.0,2.8,76.0
22.0,4.3,Cloudy,Medium,Motorcycle,Suburban,Lunch,,2.0,3.5,56.0
21.0,,Rainy,Low,Motorcycle,Urban,Breakfast,Yes,0.0,3.6,60.0
27.0,4.1,Cloudy,Jam,Motorcycle,Urban,Dinner,No,0.0,5.4,84.0
35.0,4.2,Stormy,Medium,Motorcycle,Urban,Lunch,Yes,1.0,1.1,69.0
20.0,3.8,Sunny,High,Motorcycle,Suburban,Dinner,Yes,0.0,6.5,98.0
33.0,4.2,Cloudy,High,Scooter,,Breakfast,Yes,1.0,2.5,86.0
36.0,4.2,Sunny,Low,Car,Suburban,Dinner,No,4.0,6.5,59.0
16.0,4.0,Sunny,Jam,Motorcycle,Urban,Dinner,No,1.0,4.2,80.0
30.0,4.1,Sunny,Medium,Motorcycle,Urban,Breakfast,No,3.0,2.8,56.0
28.0,4.1,Stormy,High,Scooter,Suburban,Dinner,No,1.0,0.8,82.0
37.0,4.4,Sunny,High,Scooter,Urban,Lunch,No,1.0,1.7,62.0
31.0,4.4,Rainy,Medium,Motorcycle,Suburban,Lunch,No,0.0,10.3,55.0
19.0,4.0,Rainy,,Scooter,Rural,Lunch,No,3.0,4.8,71.0
28.0,4.8,Rainy,High,Motorcycle,Urban,Breakfast,,3.0,0.5,68.0
26.0,4.7,,Low,Car,Urban,Lunch,No,1.0,3.9,71.0
39.0,5.0,Rainy,Medium,Motorcycle,Suburban,Lunch,No,1.0,5.7,70.0
24.0,3.4,Stormy,Low,Motorcycle,Urban,Lunch,No,4.0,7.7,67.0
25.0,3.9,Sunny,,Car,Rural,Lunch,Yes,2.0,6.7,69.0
30.0,4.6,Windy,High,Motorcycle,Suburban,Lunch,No,1.0,3.8,66.0
38.0,3.6,Cloudy,Low,Motorcycle,Urban,Lunch,No,1.0,2.7,52.0
36.0,4.4,Cloudy,High,Motorcycle,Urban,Dinner,Yes,0.0,0.4,59.0
33.0,4.0,Rainy,Medium,Scooter,Suburban,Lunch,No,2.0,2.7,76.0
29.0,4.7,Windy,High,Motorcycle,Urban,Lunch,,3.0,7.0,85.0
35.0,4.2,Rainy,High,Bicycle,Urban,Lunch,No,2.0,12.9,92.0
27.0,3.5,Sunny,Jam,Motorcycle,Urban,Dinner,,1.0,3.0,58.0
22.0,4.6,Stormy,Low,Motorcycle,Suburban,Lunch,No,2.0,1.6,64.0
26.0,4.6,Cloudy,High,Motorcycle,Suburban,Lunch,Yes,1.0,5.4,68.0
22.0,4.8,Windy,Medium,Scooter,Suburban,Dinner,No,0.0,4.7,58.0
27.0,3.1,Sunny,Low,Motorcycle,Suburban,Breakfast,No,3.0,2.6,48.0
20.0,4.5,Rainy,,Scooter,Suburban,Dinner,No,2.0,2.4,53.0
28.0,4.3,Cloudy,High,Motorcycle,Suburban,Breakfast,,2.0,8.5,76.0
42.0,3.6,Sunny,Jam,Motorcycle,Urban,Lunch,No,2.0,6.0,88.0
18.0,4.2,Cloudy,Medium,Motorcycle,Urban,Snack,Yes,1.0,4.4,73.0
22.0,4.8,Sunny,Low,Bicycle,Suburban,Lunch,No,1.0,5.8,58.0
31.0,3.9,Sunny,High,Motorcycle,Rural,,No,3.0,3.3,62.0
,3.4,Windy,,Motorcycle,Rural,Lunch,,,5.4,56.0
29.0,4.6,Rainy,Medium,Motorcycle,,Breakfast,No,3.0,1.7,61.0
29.0,4.6,Rainy,Medium,Motorcycle,Rural,Lunch,No,1.0,2.9,60.0
36.0,4.4,Rainy,High,Motorcycle,Urban,Lunch,No,1.0,1.1,84.0
20.0,3.9,Rainy,Medium,Scooter,,Snack,No,2.0,3.8,66.0
27.0,4.4,Rainy,Low,Motorcycle,,Lunch,No,1.0,3.2,64.0
25.0,4.4,Rainy,High,Motorcycle,Rural,Breakfast,No,0.0,0.5,62.0
25.0,4.3,Rainy,Low,Motorcycle,Urban,Dinner,Yes,1.0,11.0,101.0
21.0,5.0,Rainy,Medium,Motorcycle,Urban,Snack,Yes,1.0,4.9,71.0
37.0,3.2,Rainy,Low,Motorcycle,Urban,Lunch,No,1.0,3.2,70.0
,4.4,Sunny,High,Motorcycle,Urban,Lunch,No,0.0,6.6,74.0
26.0,5.0,Windy,High,Motorcycle,Urban,Lunch,No,1.0,2.4,80.0
31.0,4.9,Stormy,High,Scooter,,Dinner,No,1.0,1.9,94.0
23.0,4.4,Cloudy,Low,Motorcycle,Suburban,Breakfast,Yes,1.0,3.2,66.0
23.0,4.8,Cloudy,High,Car,,Dinner,,1.0,13.1,106.0
32.0,3.6,Sunny,Low,Motorcycle,Urban,Lunch,Yes,1.0,3.5,47.0
31.0,4.0,Windy,High,,Urban,,,0.0,4.5,82.0
21.0,4.7,Windy,Low,Motorcycle,Rural,Snack,No,0.0,6.0,52.0
30.0,3.5,Rainy,Medium,Motorcycle,Urban,Breakfast,No,4.0,2.3,54.0
37.0,3.8,,Jam,Scooter,Rural,Lunch,Yes,1.0,10.0,104.0
35.0,4.9,Rainy,Low,Scooter,Suburban,,No,3.0,8.7,62.0
17.0,3.5,,High,Car,Suburban,Snack,No,2.0,12.8,119.0
27.0,4.6,Rainy,Medium,Scooter,Urban,Snack,No,2.0,0.8,70.0
39.0,4.5,Sunny,Medium,Motorcycle,Urban,Dinner,No,0.0,7.6,59.0
16.0,3.9,Cloudy,Jam,Motorcycle,Urban,Dinner,No,4.0,2.5,86.0
29.0,4.3,Windy,Medium,Scooter,Suburban,,No,0.0,8.2,72.0
30.0,4.4,Rainy,Low,Car,Urban,Dinner,,3.0,4.8,65.0
27.0,4.5,Rainy,High,Motorcycle,Urban,Dinner,Yes,1.0,3.3,77.0
33.0,4.5,Sunny,High,Scooter,,Dinner,No,1.0,7.2,97.0
25.0,3.9,Cloudy,Medium,Motorcycle,Urban,Dinner,No,5.0,7.7,82.0
34.0,4.4,,Medium,Motorcycle,Urban,Dinner,,1.0,18.0,90.0
36.0,3.8,,High,Bicycle,Rural,Lunch,No,2.0,11.9,92.0
32.0,3.7,Rainy,Medium,Motorcycle,Urban,Snack,No,0.0,7.8,67.0
18.0,3.0,Windy,,Scooter,Rural,Dinner,No,1.0,6.4,63.0
22.0,4.6,Cloudy,Medium,Bicycle,Urban,Lunch,No,,2.8,43.0
35.0,3.4,Rainy,Jam,Motorcycle,Urban,Lunch,No,1.0,7.8,99.0
27.0,3.7,Windy,Low,Motorcycle,Urban,Dinner,Yes,1.0,2.1,80.0
29.0,4.8,Cloudy,,Bicycle,Urban,Breakfast,Yes,1.0,1.8,55.0
30.0,4.8,Rainy,Medium,Motorcycle,Urban,Lunch,,2.0,4.6,45.0
20.0,4.4,Cloudy,High,Scooter,Urban,Dinner,No,3.0,11.1,83.0
24.0,3.6,Sunny,Jam,Motorcycle,Suburban,Snack,No,,4.5,89.0
31.0,4.1,Sunny,High,Motorcycle,Urban,Dinner,No,4.0,0.8,49.0
23.0,3.0,Sunny,High,Motorcycle,Urban,Breakfast,No,2.0,4.5,62.0
23.0,4.5,Cloudy,High,Motorcycle,Suburban,Snack,No,0.0,5.0,67.0
27.0,4.5,Rainy,Medium,Bicycle,Urban,Dinner,No,1.0,1.9,61.0
39.0,4.6,Rainy,High,Car,Urban,Snack,No,1.0,3.8,69.0
18.0,5.0,Windy,Medium,Motorcycle,Urban,Dinner,Yes,1.0,3.1,81.0
30.0,4.7,Rainy,Medium,Motorcycle,Rural,Lunch,No,3.0,4.7,63.0
37.0,4.3,Sunny,Low,Scooter,Rural,Snack,No,2.0,5.9,56.0
28.0,3.3,,Jam,Bicycle,Urban,Dinner,Yes,1.0,3.1,98.0
31.0,4.9,Sunny,Medium,Motorcycle,Rural,Lunch,Yes,3.0,6.6,78.0
24.0,5.0,,High,Bicycle,Urban,Dinner,No,2.0,7.1,80.0
22.0,4.3,Cloudy,Low,Motorcycle,,Lunch,No,2.0,6.3,60.0
26.0,3.7,,Medium,Scooter,Urban,Lunch,No,3.0,6.3,80.0
34.0,4.1,Windy,Jam,Scooter,Suburban,Snack,No,1.0,10.7,104.0
29.0,4.1,Rainy,,,Urban,Dinner,No,1.0,6.7,66.0
45.0,3.5,Rainy,Medium,Motorcycle,Suburban,Lunch,,0.0,1.8,58.0
32.0,3.9,,Medium,Car,Urban,Lunch,No,2.0,9.1,66.0
20.0,4.0,Stormy,High,Scooter,Suburban,Lunch,No,0.0,2.5,80.0
,4.4,Rainy,Low,Motorcycle,Rural,Snack,No,1.0,11.6,56.0
29.0,3.1,Cloudy,High,Motorcycle,Urban,Dinner,No,0.0,6.8,87.0
24.0,4.4,Sunny,Medium,Motorcycle,,Lunch,Yes,0.0,15.7,88.0
32.0,3.7,Stormy,High,Scooter,Rural,,Yes,2.0,9.2,108.0
27.0,4.0,Rainy,Medium,Motorcycle,Suburban,Lunch,No,1.0,6.0,65.0
25.0,5.0,Sunny,High,Motorcycle,,Lunch,No,2.0,2.4,57.0
28.0,4.6,,High,Motorcycle,Urban,Dinner,Yes,4.0,10.0,93.0
36.0,4.5,Sunny,Medium,Motorcycle,Suburban,Snack,No,1.0,,70.0
27.0,4.6,Sunny,Medium,Motorcycle,Suburban,Dinner,No,0.0,4.3,50.0
30.0,4.3,Rainy,High,Car,Suburban,Snack,Yes,0.0,5.6,82.0
21.0,3.4,Sunny,Medium,Bike,Urban,Breakfast,No,2.0,3.6,67.0
24.0,4.8,Sunny,High,Bicycle,Urban,Breakfast,Yes,0.0,3.2,59.0
24.0,4.8,Cloudy,Medium,Scooter,Suburban,Dinner,Yes,2.0,7.4,92.0
31.0,3.6,Rainy,,Motorcycle,Suburban,Dinner,No,2.0,2.1,60.0
34.0,4.7,Rainy,High,Motorcycle,Rural,Dinner,No,0.0,4.5,90.0
22.0,4.3,Windy,High,Car,Urban,Snack,No,0.0,6.2,63.0
28.0,4.6,Sunny,Medium,Motorcycle,Rural,Snack,No,2.0,4.7,50.0
24.0,3.9,Sunny,High,Scooter,Urban,Dinner,Yes,0.0,1.4,66.0
25.0,4.1,Rainy,High,Motorcycle,Rural,Snack,Yes,0.0,8.8,94.0
23.0,4.7,Stormy,Medium,Motorcycle,Urban,Lunch,No,0.0,4.6,71.0
32.0,4.1,Sunny,Medium,Scooter,Suburban,Snack,No,0.0,5.7,51.0
24.0,3.8,Sunny,Low,,,Dinner,No,0.0,6.0,47.0
28.0,4.3,Stormy,High,Motorcycle,Rural,Snack,No,2.0,1.9,65.0
12.0,3.6,Cloudy,High,Scooter,Rural,Breakfast,,3.0,,83.0
25.0,4.0,Cloudy,Low,Motorcycle,Urban,Dinner,No,4.0,6.9,61.0
33.0,4.3,Rainy,,Car,Urban,Dinner,No,1.0,1.2,47.0
21.0,4.6,Sunny,Low,Bicycle,,Lunch,No,0.0,4.2,32.0
29.0,3.9,Stormy,Medium,,Suburban,Lunch,Yes,3.0,4.7,88.0
22.0,3.8,,Low,Motorcycle,Rural,Breakfast,Yes,1.0,6.7,52.0
32.0,5.0,Rainy,Medium,Scooter,,Dinner,No,1.0,6.1,64.0
29.0,3.5,Cloudy,High,Motorcycle,Rural,Dinner,No,4.0,4.8,90.0
31.0,4.2,Rainy,Low,,Rural,Dinner,No,4.0,3.1,83.0
22.0,4.3,Sunny,Low,Motorcycle,Urban,Lunch,No,2.0,3.0,57.0
26.0,4.4,Rainy,Jam,Motorcycle,Suburban,Snack,No,0.0,5.7,95.0
24.0,4.0,Cloudy,,Car,Suburban,Lunch,No,2.0,5.2,71.0
24.0,3.5,Stormy,High,Motorcycle,Urban,Snack,No,0.0,6.2,83.0
32.0,4.7,Rainy,Medium,,Suburban,Lunch,No,1.0,4.2,62.0
35.0,4.9,Rainy,High,Motorcycle,,Lunch,No,1.0,6.1,96.0
30.0,3.9,Sunny,Low,Bicycle,Suburban,Dinner,No,0.0,3.2,24.0
26.0,3.9,,High,Car,Suburban,Lunch,No,0.0,6.6,86.0
33.0,4.3,Rainy,High,Motorcycle,Suburban,Dinner,No,2.0,12.6,95.0
31.0,4.4,,High,Scooter,,Lunch,,0.0,1.3,43.0
20.0,4.2,Stormy,High,Car,Urban,Dinner,No,0.0,4.5,61.0
28.0,4.9,Sunny,High,Car,Urban,Lunch,No,0.0,2.5,58.0
32.0,3.6,Windy,High,Scooter,Urban,Lunch,No,3.0,4.5,76.0
32.0,4.2,Rainy,Medium,Car,Urban,Dinner,Yes,4.0,5.7,69.0
28.0,3.9,Cloudy,Medium,,Suburban,Snack,Yes,1.0,7.0,88.0
23.0,4.8,Sunny,High,Motorcycle,Suburban,Lunch,Yes,2.0,2.3,76.0
30.0,3.9,Stormy,High,,Suburban,Snack,No,1.0,,79.0
20.0,3.6,Sunny,Low,Scooter,Suburban,Dinner,Yes,2.0,4.6,59.0
30.0,4.2,Cloudy,High,Motorcycle,Rural,Snack,No,1.0,2.4,59.0
14.0,3.9,Cloudy,High,Motorcycle,Urban,Dinner,No,0.0,4.6,77.0
28.0,5.0,Rainy,Medium,Scooter,Rural,Dinner,No,1.0,9.4,92.0
39.0,5.0,Cloudy,Medium,Motorcycle,Urban,Dinner,No,3.0,4.5,68.0
25.0,4.3,,Medium,Motorcycle,Suburban,Dinner,Yes,2.0,2.2,64.0
27.0,4.8,Windy,High,Car,Suburban,Dinner,,1.0,8.3,78.0
25.0,3.6,Rainy,Low,Car,Suburban,Lunch,No,1.0,1.7,54.0
20.0,4.3,Sunny,Medium,Scooter,Rural,Dinner,No,1.0,1.8,61.0
32.0,4.5,Cloudy,High,Car,Urban,Snack,No,1.0,5.3,81.0
25.0,4.7,Stormy,Jam,Scooter,Urban,Dinner,No,,2.2,79.0
19.0,3.8,Rainy,Medium,Bicycle,Suburban,Lunch,No,1.0,11.5,84.0
24.0,4.2,Rainy,Low,Motorcycle,Suburban,Dinner,No,1.0,8.8,74.0
34.0,4.6,Cloudy,Medium,Car,Urban,Lunch,,6.0,8.8,78.0
36.0,4.2,Sunny,High,Car,Urban,Lunch,No,3.0,6.5,81.0
33.0,4.0,Stormy,High,Motorcycle,Rural,Lunch,No,1.0,8.3,89.0
14.0,3.7,Rainy,High,Motorcycle,Rural,Lunch,No,1.0,0.7,66.0
23.0,4.1,Sunny,Low,Motorcycle,Suburban,Dinner,No,1.0,2.2,55.0
36.0,5.0,Cloudy,Low,Scooter,Suburban,Lunch,Yes,0.0,4.2,47.0
34.0,3.9,Sunny,Medium,Motorcycle,Suburban,Lunch,No,2.0,16.6,95.0
32.0,4.2,Cloudy,Medium,Motorcycle,Urban,Dinner,Yes,3.0,0.6,54.0
28.0,4.2,Rainy,Low,,Rural,Lunch,Yes,0.0,3.9,94.0
28.0,4.4,Rainy,High,Car,,Lunch,No,0.0,1.4,60.0
36.0,3.4,,Low,Motorcycle,Urban,Dinner,No,1.0,10.7,74.0
26.0,5.0,Sunny,Low,Scooter,Urban,Lunch,No,2.0,1.8,51.0
27.0,3.9,Sunny,Medium,Bicycle,Urban,Snack,No,1.0,3.4,63.0
20.0,4.6,Sunny,Medium,Motorcycle,Urban,Dinner,Yes,2.0,3.6,68.0
25.0,3.8,Sunny,High,Car,Suburban,Breakfast,No,2.0,2.6,79.0
37.0,4.5,,High,Bike,,Dinner,No,0.0,10.6,87.0
18.0,4.2,,Medium,Motorcycle,Urban,Lunch,Yes,1.0,4.9,72.0
20.0,4.5,Sunny,Medium,,Urban,Breakfast,No,0.0,8.2,64.0
29.0,4.2,Sunny,High,Motorcycle,Urban,Lunch,Yes,1.0,4.9,79.0
28.0,4.0,,High,Motorcycle,Suburban,Dinner,No,2.0,14.3,103.0
30.0,4.9,Windy,High,Scooter,Urban,Breakfast,No,1.0,5.3,84.0
17.0,4.7,Sunny,High,Motorcycle,Urban,Lunch,No,0.0,0.3,54.0
31.0,3.6,Cloudy,Jam,Scooter,Urban,Dinner,No,0.0,5.8,84.0
35.0,3.6,Stormy,High,Scooter,Urban,Lunch,No,2.0,6.0,84.0
29.0,4.1,,Jam,Scooter,Urban,Dinner,No,2.0,14.4,92.0
32.0,3.8,Sunny,Medium,Motorcycle,Urban,Snack,No,2.0,8.0,59.0
31.0,3.7,Windy,High,Car,Urban,Lunch,No,0.0,3.0,59.0
18.0,4.4,Sunny,Low,,Rural,Lunch,No,1.0,2.0,37.0
32.0,4.3,Sunny,Low,Scooter,Urban,Snack,No,3.0,1.7,47.0
28.0,4.2,,Low,Motorcycle,Urban,Snack,No,0.0,3.3,60.0
32.0,5.0,Cloudy,High,Car,Urban,Dinner,No,2.0,2.0,72.0
25.0,4.0,Stormy,Low,Motorcycle,Urban,Lunch,No,1.0,13.8,94.0
33.0,4.5,Rainy,High,Motorcycle,Suburban,,Yes,2.0,1.3,85.0
26.0,4.0,Rainy,Medium,Scooter,Urban,Snack,No,1.0,6.5,78.0
28.0,4.2,Cloudy,High,Motorcycle,Urban,Lunch,No,2.0,8.6,81.0
31.0,4.3,Windy,High,Car,Suburban,Lunch,No,3.0,8.7,84.0
36.0,4.2,Cloudy,High,Scooter,Rural,,No,0.0,1.1,51.0
27.0,4.6,Cloudy,High,Bicycle,Rural,Dinner,No,1.0,7.2,81.0
32.0,3.4,Sunny,High,Motorcycle,Urban,Dinner,Yes,1.0,7.3,73.0
33.0,4.4,Rainy,Medium,,Suburban,Lunch,No,1.0,7.6,87.0
33.0,4.1,Cloudy,High,Scooter,Rural,Snack,No,2.0,4.5,59.0
32.0,4.4,Rainy,High,Motorcycle,Suburban,Breakfast,,1.0,6.0,77.0
23.0,4.6,,Low,Motorcycle,Suburban,Lunch,No,0.0,7.5,68.0
18.0,4.2,Cloudy,Low,Motorcycle,Suburban,Snack,No,1.0,2.6,40.0
27.0,3.5,Stormy,Low,Motorcycle,Urban,Lunch,No,1.0,18.5,111.0
37.0,4.2,Sunny,High,Motorcycle,Suburban,Dinner,Yes,4.0,11.2,102.0
30.0,4.9,Rainy,High,Motorcycle,Urban,Dinner,Yes,2.0,7.2,96.0
48.0,4.0,Windy,Medium,Bicycle,Urban,Lunch,No,0.0,11.4,95.0
31.0,4.1,Rainy,High,Motorcycle,Rural,Dinner,No,2.0,6.4,77.0
25.0,4.9,Rainy,Medium,Motorcycle,Urban,Snack,No,1.0,9.4,82.0
25.0,4.7,Sunny,Low,Motorcycle,Urban,Lunch,No,0.0,9.9,57.0
37.0,3.9,,High,Motorcycle,Urban,Breakfast,Yes,1.0,4.8,90.0
32.0,4.4,Sunny,High,Scooter,Urban,Lunch,No,0.0,4.6,57.0
30.0,3.6,Cloudy,Low,Scooter,Urban,Snack,No,2.0,3.9,40.0
33.0,3.6,Rainy,Medium,Scooter,Urban,,No,1.0,10.1,88.0
29.0,4.4,Sunny,High,Car,Urban,Breakfast,Yes,0.0,7.1,83.0
18.0,3.8,Rainy,Medium,Motorcycle,Urban,Dinner,No,2.0,8.2,78.0
35.0,4.4,Rainy,Jam,Motorcycle,Urban,Snack,Yes,1.0,7.8,116.0
28.0,4.2,Stormy,Low,,Rural,Dinner,Yes,0.0,2.7,64.0
29.0,4.2,Rainy,High,Bicycle,Urban,Dinner,Yes,0.0,10.4,114.0
34.0,4.1,Rainy,Medium,Car,Suburban,Dinner,No,2.0,2.0,70.0
27.0,4.2,Rainy,High,Motorcycle,Urban,Breakfast,Yes,2.0,7.0,97.0
35.0,4.7,,High,Scooter,Urban,Dinner,Yes,1.0,6.9,93.0
37.0,4.7,Rainy,Low,Motorcycle,Rural,Dinner,No,2.0,12.5,68.0
36.0,3.8,Cloudy,High,Scooter,Suburban,Lunch,Yes,1.0,5.4,108.0
26.0,3.7,Sunny,Low,Scooter,Suburban,Breakfast,No,3.0,5.0,56.0
34.0,4.0,Sunny,High,Motorcycle,Urban,Breakfast,No,2.0,10.6,81.0
30.0,4.3,Stormy,Medium,Scooter,Suburban,Breakfast,Yes,1.0,2.4,78.0
36.0,4.1,Cloudy,High,Scooter,Rural,Lunch,No,0.0,9.4,95.0
26.0,3.9,Windy,High,Motorcycle,Urban,Snack,Yes,3.0,6.0,111.0
29.0,4.4,Cloudy,Medium,Motorcycle,Suburban,Breakfast,No,0.0,3.1,41.0
24.0,3.8,Sunny,High,Motorcycle,Urban,Lunch,No,3.0,5.4,84.0
30.0,4.3,Sunny,High,Car,Suburban,Lunch,No,0.0,7.0,63.0
27.0,4.2,Stormy,Jam,Scooter,Urban,Dinner,No,1.0,2.7,84.0
36.0,4.6,Rainy,High,Car,Urban,Dinner,No,2.0,1.6,62.0
24.0,3.8,Sunny,Medium,Motorcycle,,Lunch,Yes,1.0,5.5,98.0
19.0,4.2,Rainy,High,Bicycle,Urban,Dinner,,2.0,14.8,110.0
23.0,3.8,Rainy,Medium,Car,Rural,Lunch,Yes,0.0,3.3,85.0
29.0,4.1,Windy,Medium,Motorcycle,Suburban,Dinner,No,0.0,1.7,71.0
27.0,4.2,Cloudy,Medium,Motorcycle,Suburban,Dinner,No,0.0,11.0,76.0
